epoch,time,train/box_loss,train/cls_loss,train/dfl_loss,metrics/precision(B),metrics/recall(B),metrics/mAP50(B),metrics/mAP50-95(B),val/box_loss,val/cls_loss,val/dfl_loss,lr/pg0,lr/pg1,lr/pg2,model
1,153.984,1.87637,3.1628,1.71896,0.28706,0.4743,0.35938,0.15212,2.08994,2.98982,1.79656,0.000331224,0.000331224,0.000331224,cpu_smoke_yolov8n
1,5.30477,1.85683,3.36381,1.70067,0.91667,0.05929,0.263,0.11673,1.96135,3.34448,1.58228,0.000325,0.000325,0.000325,yolov8n_neu-2
2,7.89066,1.72722,2.0153,1.5397,0.38012,0.50237,0.34618,0.1492,2.07674,2.97597,1.7046,0.000651816,0.000651816,0.000651816,yolov8n_neu-2
3,10.2997,1.65352,1.77104,1.52159,0.45783,0.43821,0.35081,0.1471,2.03678,2.63363,1.82421,0.000972032,0.000972032,0.000972032,yolov8n_neu-2
4,12.9627,1.66297,1.7289,1.5472,0.27033,0.42433,0.32265,0.14121,2.27058,2.93704,1.99883,0.0009703,0.0009703,0.0009703,yolov8n_neu-2
5,15.3465,1.63764,1.65136,1.5397,0.52951,0.54263,0.53252,0.22979,2.07982,1.89265,1.81981,0.0009604,0.0009604,0.0009604,yolov8n_neu-2
6,17.9707,1.56939,1.61575,1.5026,0.70529,0.36816,0.41356,0.17455,2.05857,2.46783,1.85504,0.0009505,0.0009505,0.0009505,yolov8n_neu-2
7,20.3411,1.55663,1.5569,1.49606,0.63715,0.30987,0.30439,0.12041,2.59697,2.772,2.23325,0.0009406,0.0009406,0.0009406,yolov8n_neu-2
8,22.7149,1.5561,1.55043,1.48673,0.51347,0.52869,0.53935,0.23248,1.97996,1.92933,1.69572,0.0009307,0.0009307,0.0009307,yolov8n_neu-2
9,25.1075,1.53287,1.48077,1.46508,0.48687,0.59724,0.57313,0.2538,1.87834,1.83134,1.62763,0.0009208,0.0009208,0.0009208,yolov8n_neu-2
10,27.4609,1.50922,1.47561,1.45502,0.46944,0.51541,0.48826,0.22538,1.9108,1.9512,1.66069,0.0009109,0.0009109,0.0009109,yolov8n_neu-2
11,29.9737,1.51357,1.47817,1.45819,0.58492,0.59504,0.63187,0.28792,1.81087,1.7814,1.63813,0.000901,0.000901,0.000901,yolov8n_neu-2
12,32.654,1.47714,1.41682,1.43716,0.71341,0.54934,0.61372,0.29077,1.81726,1.657,1.55623,0.0008911,0.0008911,0.0008911,yolov8n_neu-2
13,35.3856,1.48909,1.42458,1.4321,0.66959,0.65143,0.67594,0.31122,1.83137,1.68359,1.57498,0.0008812,0.0008812,0.0008812,yolov8n_neu-2
14,38.127,1.48385,1.44959,1.4526,0.53644,0.59144,0.59552,0.28376,1.86699,1.64831,1.59845,0.0008713,0.0008713,0.0008713,yolov8n_neu-2
15,40.7889,1.45818,1.37159,1.42104,0.55876,0.63515,0.62754,0.30507,1.77816,1.60173,1.57867,0.0008614,0.0008614,0.0008614,yolov8n_neu-2
16,43.4786,1.4562,1.37277,1.4114,0.56997,0.55828,0.58579,0.29444,1.80855,1.60123,1.55603,0.0008515,0.0008515,0.0008515,yolov8n_neu-2
17,46.1629,1.44206,1.3529,1.40136,0.60282,0.62835,0.67161,0.32324,1.73837,1.54067,1.5486,0.0008416,0.0008416,0.0008416,yolov8n_neu-2
18,48.8847,1.44031,1.34684,1.41635,0.66003,0.62754,0.67676,0.32566,1.78312,1.59634,1.60508,0.0008317,0.0008317,0.0008317,yolov8n_neu-2
19,51.4664,1.43998,1.36037,1.40683,0.68673,0.61404,0.68282,0.33344,1.76154,1.52656,1.54417,0.0008218,0.0008218,0.0008218,yolov8n_neu-2
20,54.2072,1.4276,1.32316,1.39369,0.58283,0.62067,0.63118,0.31136,1.76033,1.50906,1.54125,0.0008119,0.0008119,0.0008119,yolov8n_neu-2
21,57.0238,1.41763,1.31562,1.40717,0.67561,0.63687,0.68983,0.33388,1.78838,1.43267,1.56876,0.000802,0.000802,0.000802,yolov8n_neu-2
22,59.9013,1.40168,1.29188,1.38562,0.56077,0.59126,0.62549,0.27419,1.87656,1.70596,1.65097,0.0007921,0.0007921,0.0007921,yolov8n_neu-2
23,62.7432,1.41053,1.29654,1.39018,0.56246,0.59841,0.62945,0.30713,1.74695,1.57445,1.55986,0.0007822,0.0007822,0.0007822,yolov8n_neu-2
24,65.4223,1.39495,1.26518,1.38184,0.58557,0.5308,0.5688,0.28527,1.78767,1.61364,1.52865,0.0007723,0.0007723,0.0007723,yolov8n_neu-2
25,67.9245,1.38862,1.26868,1.37955,0.73723,0.64338,0.70202,0.35136,1.69057,1.45908,1.50244,0.0007624,0.0007624,0.0007624,yolov8n_neu-2
26,70.6683,1.38816,1.22302,1.3661,0.60867,0.66899,0.67808,0.32325,1.80783,1.47581,1.54939,0.0007525,0.0007525,0.0007525,yolov8n_neu-2
27,73.5125,1.38374,1.20596,1.36197,0.58853,0.65555,0.65775,0.32582,1.69199,1.42292,1.52136,0.0007426,0.0007426,0.0007426,yolov8n_neu-2
28,76.5082,1.38123,1.22749,1.36093,0.58966,0.65597,0.6545,0.34323,1.65514,1.50963,1.50409,0.0007327,0.0007327,0.0007327,yolov8n_neu-2
29,79.3453,1.36475,1.21488,1.34833,0.6349,0.67905,0.67995,0.34269,1.69447,1.38553,1.51818,0.0007228,0.0007228,0.0007228,yolov8n_neu-2
30,82.1153,1.35364,1.20466,1.3541,0.685,0.65609,0.70107,0.33738,1.79656,1.39687,1.53949,0.0007129,0.0007129,0.0007129,yolov8n_neu-2
31,84.9194,1.33619,1.17593,1.34145,0.68252,0.64026,0.69585,0.33992,1.73316,1.38462,1.52945,0.000703,0.000703,0.000703,yolov8n_neu-2
32,87.7126,1.34824,1.16452,1.34583,0.61861,0.63974,0.67141,0.31272,1.83732,1.4675,1.56831,0.0006931,0.0006931,0.0006931,yolov8n_neu-2
33,90.5025,1.34717,1.16627,1.34537,0.54002,0.64418,0.61605,0.3036,1.76336,1.48218,1.54231,0.0006832,0.0006832,0.0006832,yolov8n_neu-2
34,93.1966,1.32993,1.16511,1.33683,0.71625,0.64092,0.70501,0.36542,1.64533,1.33345,1.48431,0.0006733,0.0006733,0.0006733,yolov8n_neu-2
35,95.6534,1.33743,1.14758,1.34488,0.64066,0.66099,0.70302,0.34727,1.74484,1.5295,1.55204,0.0006634,0.0006634,0.0006634,yolov8n_neu-2
36,98.3062,1.33084,1.14575,1.34369,0.57662,0.65998,0.64819,0.33195,1.66752,1.4265,1.51461,0.0006535,0.0006535,0.0006535,yolov8n_neu-2
37,101.08,1.33857,1.1562,1.33877,0.67233,0.64507,0.6725,0.35318,1.63558,1.32186,1.46349,0.0006436,0.0006436,0.0006436,yolov8n_neu-2
38,103.876,1.33417,1.14225,1.33671,0.61755,0.66171,0.67724,0.34752,1.69776,1.38456,1.51131,0.0006337,0.0006337,0.0006337,yolov8n_neu-2
39,106.648,1.31075,1.13574,1.33046,0.60865,0.6763,0.67358,0.34072,1.67496,1.37262,1.50164,0.0006238,0.0006238,0.0006238,yolov8n_neu-2
40,109.304,1.30495,1.1076,1.31735,0.65223,0.71244,0.7222,0.37421,1.67198,1.31571,1.48868,0.0006139,0.0006139,0.0006139,yolov8n_neu-2
41,111.991,1.29903,1.11004,1.31587,0.70989,0.6883,0.71143,0.36373,1.72076,1.27833,1.51259,0.000604,0.000604,0.000604,yolov8n_neu-2
42,114.682,1.29644,1.07122,1.31071,0.69361,0.64511,0.69151,0.35277,1.68295,1.30999,1.4821,0.0005941,0.0005941,0.0005941,yolov8n_neu-2
43,117.403,1.28874,1.08449,1.30212,0.64169,0.66554,0.70276,0.37779,1.64247,1.30488,1.47869,0.0005842,0.0005842,0.0005842,yolov8n_neu-2
44,120.171,1.2848,1.07953,1.30413,0.65517,0.68687,0.69375,0.36409,1.641,1.30224,1.47455,0.0005743,0.0005743,0.0005743,yolov8n_neu-2
45,122.938,1.29526,1.06878,1.30989,0.5923,0.64393,0.64809,0.34526,1.6494,1.35292,1.48161,0.0005644,0.0005644,0.0005644,yolov8n_neu-2
46,125.658,1.27099,1.0759,1.30201,0.65382,0.6344,0.67681,0.35716,1.63669,1.37869,1.46264,0.0005545,0.0005545,0.0005545,yolov8n_neu-2
47,128.375,1.28814,1.08604,1.30864,0.60792,0.68839,0.70284,0.37383,1.63618,1.33017,1.48515,0.0005446,0.0005446,0.0005446,yolov8n_neu-2
48,131.085,1.27423,1.06527,1.3044,0.6343,0.67884,0.6958,0.36106,1.63876,1.27528,1.48479,0.0005347,0.0005347,0.0005347,yolov8n_neu-2
49,133.75,1.27152,1.03367,1.2866,0.65353,0.66915,0.69693,0.37724,1.58854,1.26298,1.4563,0.0005248,0.0005248,0.0005248,yolov8n_neu-2
50,136.5,1.27948,1.06153,1.29221,0.61922,0.68917,0.69655,0.36987,1.6232,1.32084,1.46783,0.0005149,0.0005149,0.0005149,yolov8n_neu-2
51,139.267,1.23307,1.0273,1.28187,0.65683,0.66788,0.68606,0.36953,1.66204,1.26607,1.4947,0.000505,0.000505,0.000505,yolov8n_neu-2
52,141.888,1.25681,1.02186,1.28677,0.64854,0.73518,0.72074,0.38216,1.68538,1.25834,1.51319,0.0004951,0.0004951,0.0004951,yolov8n_neu-2
53,144.288,1.24294,1.01219,1.27818,0.65923,0.66315,0.71272,0.38305,1.63921,1.27965,1.46972,0.0004852,0.0004852,0.0004852,yolov8n_neu-2
54,146.719,1.24014,1.02856,1.27303,0.68311,0.6419,0.70097,0.36867,1.67033,1.29014,1.49733,0.0004753,0.0004753,0.0004753,yolov8n_neu-2
55,149.077,1.24292,1.03249,1.28158,0.59114,0.70704,0.67072,0.36552,1.62293,1.29081,1.48861,0.0004654,0.0004654,0.0004654,yolov8n_neu-2
56,151.426,1.25501,1.01737,1.28338,0.67738,0.68412,0.7145,0.39039,1.6133,1.24415,1.49877,0.0004555,0.0004555,0.0004555,yolov8n_neu-2
57,153.813,1.22082,0.9965,1.27173,0.6905,0.72689,0.73971,0.40274,1.62919,1.19082,1.50114,0.0004456,0.0004456,0.0004456,yolov8n_neu-2
58,156.224,1.20474,0.98699,1.26308,0.66178,0.74131,0.73541,0.38959,1.64327,1.22814,1.48129,0.0004357,0.0004357,0.0004357,yolov8n_neu-2
59,158.601,1.21053,0.98826,1.26324,0.64957,0.6379,0.69356,0.38144,1.63683,1.234,1.46756,0.0004258,0.0004258,0.0004258,yolov8n_neu-2
60,160.921,1.20961,0.97191,1.25851,0.6261,0.73369,0.7138,0.39557,1.60299,1.20847,1.47553,0.0004159,0.0004159,0.0004159,yolov8n_neu-2
61,163.253,1.21172,0.96876,1.26519,0.6994,0.6258,0.70824,0.38592,1.61184,1.17136,1.47509,0.000406,0.000406,0.000406,yolov8n_neu-2
62,165.59,1.20158,0.97151,1.25959,0.70756,0.63796,0.70159,0.38101,1.63441,1.22857,1.50585,0.0003961,0.0003961,0.0003961,yolov8n_neu-2
63,168.147,1.19392,0.95416,1.25668,0.6696,0.74067,0.72903,0.39161,1.6476,1.18591,1.49081,0.0003862,0.0003862,0.0003862,yolov8n_neu-2
64,170.804,1.18353,0.9471,1.2415,0.67552,0.69955,0.73041,0.40042,1.58584,1.19792,1.45678,0.0003763,0.0003763,0.0003763,yolov8n_neu-2
65,173.231,1.20322,0.97018,1.25479,0.66544,0.66425,0.68945,0.37882,1.60426,1.22708,1.4935,0.0003664,0.0003664,0.0003664,yolov8n_neu-2
66,175.57,1.19389,0.94563,1.24799,0.68126,0.69449,0.71825,0.38531,1.61234,1.19181,1.48154,0.0003565,0.0003565,0.0003565,yolov8n_neu-2
67,177.921,1.19001,0.93404,1.24813,0.72446,0.69156,0.74356,0.40668,1.56686,1.18894,1.45008,0.0003466,0.0003466,0.0003466,yolov8n_neu-2
68,180.252,1.17341,0.92321,1.23569,0.64727,0.74556,0.72764,0.39535,1.60646,1.17167,1.47951,0.0003367,0.0003367,0.0003367,yolov8n_neu-2
69,182.591,1.17146,0.92178,1.23894,0.65197,0.71496,0.71461,0.38396,1.63273,1.21629,1.50994,0.0003268,0.0003268,0.0003268,yolov8n_neu-2
70,185.203,1.16992,0.91681,1.23826,0.69038,0.69907,0.71083,0.38181,1.6059,1.19072,1.49211,0.0003169,0.0003169,0.0003169,yolov8n_neu-2
71,187.905,1.16241,0.90787,1.23255,0.67357,0.71169,0.71311,0.39022,1.60585,1.19566,1.48543,0.000307,0.000307,0.000307,yolov8n_neu-2
72,190.637,1.16608,0.88758,1.23071,0.67608,0.69474,0.70444,0.38904,1.6146,1.18886,1.47954,0.0002971,0.0002971,0.0002971,yolov8n_neu-2
73,193.4,1.16232,0.90692,1.2289,0.67291,0.70754,0.71853,0.3901,1.57189,1.19135,1.46155,0.0002872,0.0002872,0.0002872,yolov8n_neu-2
74,196.113,1.1367,0.89248,1.21959,0.67429,0.70864,0.73184,0.40149,1.6169,1.17957,1.48384,0.0002773,0.0002773,0.0002773,yolov8n_neu-2
75,198.889,1.14986,0.90993,1.23847,0.65667,0.67865,0.7072,0.37902,1.63367,1.21313,1.51152,0.0002674,0.0002674,0.0002674,yolov8n_neu-2
76,201.626,1.14524,0.8954,1.21911,0.65941,0.68739,0.70226,0.38696,1.61241,1.18662,1.49672,0.0002575,0.0002575,0.0002575,yolov8n_neu-2
77,204.367,1.14186,0.87912,1.2172,0.6832,0.7262,0.72057,0.39299,1.59211,1.17743,1.48128,0.0002476,0.0002476,0.0002476,yolov8n_neu-2
78,207.168,1.13094,0.8891,1.21884,0.7182,0.69606,0.71816,0.39711,1.58585,1.16735,1.48334,0.0002377,0.0002377,0.0002377,yolov8n_neu-2
79,209.938,1.13343,0.8605,1.21096,0.70584,0.70788,0.71036,0.39453,1.58874,1.17278,1.47669,0.0002278,0.0002278,0.0002278,yolov8n_neu-2
80,212.679,1.12008,0.87309,1.21439,0.71291,0.6855,0.722,0.39495,1.5858,1.17076,1.46922,0.0002179,0.0002179,0.0002179,yolov8n_neu-2
81,215.402,1.12661,0.86599,1.21094,0.69602,0.74329,0.72958,0.39959,1.61712,1.18328,1.49361,0.000208,0.000208,0.000208,yolov8n_neu-2
82,217.822,1.11664,0.86162,1.2114,0.69515,0.69828,0.70085,0.39113,1.59988,1.18501,1.50053,0.0001981,0.0001981,0.0001981,yolov8n_neu-2
83,220.467,1.10717,0.85394,1.20526,0.6422,0.72084,0.71023,0.38916,1.60088,1.18481,1.51568,0.0001882,0.0001882,0.0001882,yolov8n_neu-2
84,223.158,1.10327,0.84585,1.196,0.72294,0.71139,0.73227,0.40417,1.56036,1.13427,1.48903,0.0001783,0.0001783,0.0001783,yolov8n_neu-2
85,225.69,1.1191,0.85546,1.2117,0.69458,0.67963,0.7082,0.38777,1.59289,1.15278,1.50969,0.0001684,0.0001684,0.0001684,yolov8n_neu-2
86,228.451,1.09979,0.82883,1.19674,0.71576,0.70405,0.7221,0.39873,1.58609,1.14999,1.49601,0.0001585,0.0001585,0.0001585,yolov8n_neu-2
87,231.168,1.10821,0.84102,1.20528,0.68835,0.71518,0.7237,0.39357,1.58627,1.1559,1.50255,0.0001486,0.0001486,0.0001486,yolov8n_neu-2
88,233.918,1.08449,0.82613,1.1902,0.68717,0.71236,0.70875,0.39333,1.59184,1.1548,1.51133,0.0001387,0.0001387,0.0001387,yolov8n_neu-2
89,236.633,1.0903,0.81409,1.19032,0.75077,0.69599,0.75182,0.41291,1.58184,1.1247,1.48222,0.0001288,0.0001288,0.0001288,yolov8n_neu-2
90,239.24,1.06094,0.79523,1.18042,0.72832,0.72344,0.73952,0.40422,1.59746,1.1438,1.49903,0.0001189,0.0001189,0.0001189,yolov8n_neu-2
91,242.265,0.97304,0.66522,1.11426,0.71598,0.72093,0.74489,0.41127,1.58253,1.12653,1.5033,0.000109,0.000109,0.000109,yolov8n_neu-2
92,244.909,0.95701,0.64668,1.10536,0.73967,0.68339,0.73913,0.40615,1.5815,1.14055,1.49343,9.91e-05,9.91e-05,9.91e-05,yolov8n_neu-2
93,247.522,0.95058,0.63582,1.09666,0.70343,0.72444,0.74412,0.41519,1.59051,1.11082,1.49676,8.92e-05,8.92e-05,8.92e-05,yolov8n_neu-2
94,250.174,0.94888,0.63517,1.10585,0.71558,0.70457,0.73408,0.40191,1.59321,1.13565,1.50138,7.93e-05,7.93e-05,7.93e-05,yolov8n_neu-2
95,252.896,0.94212,0.62473,1.10255,0.67796,0.72955,0.7268,0.39986,1.58906,1.13772,1.4944,6.94e-05,6.94e-05,6.94e-05,yolov8n_neu-2
96,255.693,0.92138,0.61953,1.08343,0.67595,0.70856,0.71248,0.39634,1.61172,1.14904,1.49883,5.95e-05,5.95e-05,5.95e-05,yolov8n_neu-2
97,258.413,0.91265,0.61221,1.08543,0.68097,0.72011,0.72253,0.40314,1.59061,1.13266,1.49637,4.96e-05,4.96e-05,4.96e-05,yolov8n_neu-2
98,261.101,0.92421,0.60971,1.08423,0.67499,0.74857,0.73109,0.40795,1.58452,1.13162,1.49832,3.97e-05,3.97e-05,3.97e-05,yolov8n_neu-2
99,263.737,0.91662,0.60547,1.08423,0.67998,0.7465,0.7343,0.40776,1.59518,1.13266,1.50582,2.98e-05,2.98e-05,2.98e-05,yolov8n_neu-2
100,266.4,0.91426,0.60054,1.07962,0.67758,0.74553,0.73155,0.40717,1.59534,1.13639,1.50382,1.99e-05,1.99e-05,1.99e-05,yolov8n_neu-2
1,4.77065,1.87058,2.65594,1.72307,0.3164,0.43414,0.335,0.13718,2.1358,3.55852,1.88865,0.000325,0.000325,0.000325,yolov8s_neu
2,7.72111,1.66468,1.76845,1.55729,0.38686,0.47064,0.41898,0.17448,2.13427,3.38198,1.92546,0.000651816,0.000651816,0.000651816,yolov8s_neu
3,10.3296,1.61131,1.62045,1.52436,0.35193,0.4378,0.33605,0.15151,2.13675,2.51769,1.84666,0.000972032,0.000972032,0.000972032,yolov8s_neu
4,12.9913,1.6599,1.63543,1.55323,0.35885,0.43097,0.34343,0.14537,2.03072,3.40106,1.90299,0.0009703,0.0009703,0.0009703,yolov8s_neu
5,15.78,1.63589,1.57843,1.5465,0.34716,0.50919,0.417,0.17683,2.14206,2.35183,1.89086,0.0009604,0.0009604,0.0009604,yolov8s_neu
6,18.8799,1.5927,1.52798,1.52195,0.58656,0.42936,0.421,0.18071,2.14488,1.9593,1.83402,0.0009505,0.0009505,0.0009505,yolov8s_neu
7,21.8346,1.57703,1.44794,1.51078,0.41308,0.55281,0.47002,0.20042,2.06124,1.83403,1.7872,0.0009406,0.0009406,0.0009406,yolov8s_neu
8,24.7855,1.56659,1.45733,1.50271,0.55524,0.53522,0.53506,0.24869,1.86587,1.69354,1.64009,0.0009307,0.0009307,0.0009307,yolov8s_neu
9,27.7421,1.52888,1.39262,1.47166,0.48785,0.59131,0.56566,0.2481,1.92768,1.76338,1.6888,0.0009208,0.0009208,0.0009208,yolov8s_neu
10,30.6459,1.51052,1.39257,1.4702,0.49459,0.61624,0.56959,0.27427,1.7901,1.68071,1.57495,0.0009109,0.0009109,0.0009109,yolov8s_neu
11,33.8517,1.50731,1.38695,1.46794,0.54375,0.58266,0.60822,0.28822,1.86907,1.81453,1.6266,0.000901,0.000901,0.000901,yolov8s_neu
12,36.9534,1.48093,1.34217,1.44624,0.60461,0.5953,0.62272,0.3062,1.81651,1.48448,1.61698,0.0008911,0.0008911,0.0008911,yolov8s_neu
13,39.8506,1.4932,1.31648,1.43858,0.60958,0.60972,0.64347,0.28812,1.93879,1.59528,1.68357,0.0008812,0.0008812,0.0008812,yolov8s_neu
14,42.5231,1.47385,1.36544,1.45823,0.59551,0.65421,0.66752,0.31602,1.8633,1.45186,1.60749,0.0008713,0.0008713,0.0008713,yolov8s_neu
15,45.4975,1.47436,1.28767,1.43644,0.65081,0.59949,0.64847,0.28225,1.86287,1.62549,1.62821,0.0008614,0.0008614,0.0008614,yolov8s_neu
16,48.5932,1.44959,1.2639,1.4159,0.5712,0.63045,0.65341,0.314,1.76821,1.45176,1.55089,0.0008515,0.0008515,0.0008515,yolov8s_neu
17,51.5691,1.43479,1.24966,1.40719,0.60478,0.62779,0.64891,0.32213,1.7753,1.45748,1.55402,0.0008416,0.0008416,0.0008416,yolov8s_neu
18,54.5791,1.43944,1.24841,1.41416,0.62901,0.61791,0.64471,0.32226,1.71983,1.4416,1.58382,0.0008317,0.0008317,0.0008317,yolov8s_neu
19,57.5972,1.43318,1.26925,1.41236,0.62332,0.63413,0.6687,0.3261,1.82129,1.45012,1.58435,0.0008218,0.0008218,0.0008218,yolov8s_neu
20,60.4486,1.43187,1.22595,1.39876,0.60661,0.61219,0.62325,0.29592,1.81734,1.45126,1.5766,0.0008119,0.0008119,0.0008119,yolov8s_neu
21,63.1987,1.39765,1.24734,1.40224,0.63443,0.67278,0.70865,0.34188,1.78286,1.39193,1.56378,0.000802,0.000802,0.000802,yolov8s_neu
22,66.1587,1.38735,1.21158,1.38714,0.63398,0.65717,0.68934,0.33436,1.77149,1.43157,1.5429,0.0007921,0.0007921,0.0007921,yolov8s_neu
23,68.8233,1.39128,1.22955,1.39178,0.54304,0.67799,0.6657,0.32673,1.75377,1.37884,1.54674,0.0007822,0.0007822,0.0007822,yolov8s_neu
24,71.3909,1.39198,1.18204,1.39056,0.62266,0.63543,0.64832,0.32209,1.74325,1.46895,1.55616,0.0007723,0.0007723,0.0007723,yolov8s_neu
25,74.082,1.36171,1.1811,1.37084,0.63456,0.68256,0.68732,0.35289,1.69318,1.35214,1.52182,0.0007624,0.0007624,0.0007624,yolov8s_neu
26,76.9581,1.38331,1.14659,1.36906,0.56142,0.63807,0.63982,0.29755,1.8469,1.42236,1.56336,0.0007525,0.0007525,0.0007525,yolov8s_neu
27,79.6969,1.37665,1.12193,1.36989,0.59376,0.68451,0.66219,0.33164,1.6595,1.37706,1.50709,0.0007426,0.0007426,0.0007426,yolov8s_neu
28,82.4762,1.34135,1.14398,1.36198,0.63613,0.67787,0.69356,0.35601,1.68281,1.41008,1.52455,0.0007327,0.0007327,0.0007327,yolov8s_neu
29,85.3418,1.34623,1.12428,1.35328,0.60883,0.62735,0.65175,0.33055,1.70377,1.43361,1.56389,0.0007228,0.0007228,0.0007228,yolov8s_neu
30,87.9181,1.32667,1.10503,1.34748,0.62215,0.64785,0.6754,0.32573,1.83747,1.41164,1.58794,0.0007129,0.0007129,0.0007129,yolov8s_neu
31,90.5331,1.32537,1.09836,1.33966,0.62151,0.6376,0.66693,0.33827,1.71127,1.40058,1.50686,0.000703,0.000703,0.000703,yolov8s_neu
32,93.2003,1.32953,1.07877,1.34474,0.63772,0.66836,0.70309,0.35966,1.74877,1.29056,1.53776,0.0006931,0.0006931,0.0006931,yolov8s_neu
33,95.812,1.32541,1.08605,1.34985,0.63057,0.62448,0.67129,0.3223,1.7879,1.41298,1.54824,0.0006832,0.0006832,0.0006832,yolov8s_neu
34,98.3924,1.30001,1.10048,1.33879,0.66478,0.66225,0.70355,0.36032,1.68466,1.29455,1.49448,0.0006733,0.0006733,0.0006733,yolov8s_neu
35,101.029,1.32718,1.06537,1.35687,0.63116,0.6892,0.70238,0.36574,1.68851,1.30433,1.52593,0.0006634,0.0006634,0.0006634,yolov8s_neu
36,103.785,1.29524,1.06078,1.32959,0.5873,0.65391,0.65559,0.34938,1.66432,1.30901,1.51696,0.0006535,0.0006535,0.0006535,yolov8s_neu
37,106.431,1.30063,1.05426,1.32323,0.64481,0.68947,0.69676,0.35513,1.71679,1.32054,1.52559,0.0006436,0.0006436,0.0006436,yolov8s_neu
38,109.001,1.30482,1.04263,1.32599,0.65118,0.61297,0.66713,0.34466,1.6994,1.31218,1.51407,0.0006337,0.0006337,0.0006337,yolov8s_neu
39,111.515,1.27718,1.02658,1.31277,0.66662,0.62192,0.65526,0.33823,1.7277,1.30068,1.5281,0.0006238,0.0006238,0.0006238,yolov8s_neu
40,114.067,1.27889,1.01417,1.30948,0.63489,0.65178,0.66582,0.34592,1.72314,1.32892,1.56011,0.0006139,0.0006139,0.0006139,yolov8s_neu
41,116.652,1.28503,1.01968,1.31328,0.6637,0.65846,0.69066,0.35752,1.7114,1.26222,1.54456,0.000604,0.000604,0.000604,yolov8s_neu
42,119.357,1.27452,0.98632,1.30167,0.67121,0.68271,0.72426,0.36802,1.72692,1.25278,1.52582,0.0005941,0.0005941,0.0005941,yolov8s_neu
43,121.941,1.26083,0.99242,1.29822,0.59602,0.6664,0.68164,0.34115,1.73863,1.34236,1.55619,0.0005842,0.0005842,0.0005842,yolov8s_neu
44,124.507,1.24333,0.98306,1.29463,0.69682,0.69662,0.70491,0.37205,1.71446,1.24552,1.55109,0.0005743,0.0005743,0.0005743,yolov8s_neu
45,127.105,1.27401,0.97504,1.3075,0.68369,0.61071,0.68169,0.3605,1.70121,1.24891,1.52289,0.0005644,0.0005644,0.0005644,yolov8s_neu
46,129.951,1.24293,0.97237,1.28669,0.75194,0.649,0.7398,0.39214,1.67691,1.20212,1.50607,0.0005545,0.0005545,0.0005545,yolov8s_neu
47,132.888,1.25706,0.98695,1.29816,0.65653,0.63606,0.66334,0.35658,1.671,1.27154,1.54568,0.0005446,0.0005446,0.0005446,yolov8s_neu
48,135.906,1.23923,0.96296,1.28313,0.57504,0.63039,0.62361,0.32283,1.65352,1.37308,1.5217,0.0005347,0.0005347,0.0005347,yolov8s_neu
49,138.81,1.21965,0.9352,1.26986,0.69127,0.61361,0.68141,0.36351,1.66831,1.25297,1.52959,0.0005248,0.0005248,0.0005248,yolov8s_neu
50,141.693,1.24083,0.94808,1.27607,0.69767,0.68315,0.70097,0.37233,1.68185,1.28386,1.52717,0.0005149,0.0005149,0.0005149,yolov8s_neu
51,144.567,1.21642,0.9268,1.27288,0.70495,0.62541,0.68887,0.36141,1.71874,1.28724,1.54471,0.000505,0.000505,0.000505,yolov8s_neu
52,147.181,1.21191,0.91918,1.26675,0.66898,0.68048,0.69734,0.35607,1.75584,1.31493,1.60472,0.0004951,0.0004951,0.0004951,yolov8s_neu
53,149.849,1.19662,0.90163,1.25859,0.64914,0.65574,0.6919,0.3754,1.68594,1.2345,1.53776,0.0004852,0.0004852,0.0004852,yolov8s_neu
54,152.418,1.20434,0.91306,1.26334,0.67386,0.67522,0.70099,0.37016,1.68261,1.26922,1.53805,0.0004753,0.0004753,0.0004753,yolov8s_neu
55,155.01,1.18524,0.8979,1.25938,0.63646,0.66865,0.68383,0.36168,1.65779,1.22292,1.54033,0.0004654,0.0004654,0.0004654,yolov8s_neu
56,157.52,1.19492,0.90091,1.25859,0.6398,0.66224,0.68056,0.36968,1.63771,1.23334,1.53673,0.0004555,0.0004555,0.0004555,yolov8s_neu
57,160.424,1.17646,0.88416,1.2478,0.71979,0.66919,0.71814,0.38702,1.68048,1.21039,1.53667,0.0004456,0.0004456,0.0004456,yolov8s_neu
58,162.928,1.16023,0.8715,1.2363,0.65995,0.67936,0.68924,0.37188,1.66488,1.20955,1.53642,0.0004357,0.0004357,0.0004357,yolov8s_neu
59,165.518,1.16524,0.86738,1.24367,0.71111,0.64007,0.69737,0.38284,1.64865,1.24832,1.54168,0.0004258,0.0004258,0.0004258,yolov8s_neu
60,168.152,1.15394,0.87467,1.23518,0.67367,0.68266,0.69944,0.38509,1.62894,1.20027,1.53301,0.0004159,0.0004159,0.0004159,yolov8s_neu
61,170.732,1.17171,0.85511,1.24413,0.69976,0.65733,0.71512,0.38297,1.64671,1.18355,1.52547,0.000406,0.000406,0.000406,yolov8s_neu
62,173.696,1.13699,0.85661,1.22614,0.70518,0.67076,0.68706,0.37227,1.66603,1.22742,1.54022,0.0003961,0.0003961,0.0003961,yolov8s_neu
63,176.687,1.13706,0.84965,1.23113,0.72389,0.65842,0.72967,0.39026,1.67265,1.17058,1.53277,0.0003862,0.0003862,0.0003862,yolov8s_neu
64,179.693,1.11874,0.82932,1.21194,0.68263,0.68469,0.72092,0.38627,1.66749,1.22046,1.55003,0.0003763,0.0003763,0.0003763,yolov8s_neu
65,182.411,1.15417,0.84426,1.2346,0.68307,0.7055,0.71045,0.3897,1.64741,1.25262,1.53376,0.0003664,0.0003664,0.0003664,yolov8s_neu
66,185.109,1.12411,0.82388,1.21603,0.73488,0.70673,0.73955,0.39843,1.6523,1.23718,1.55106,0.0003565,0.0003565,0.0003565,yolov8s_neu
67,188.03,1.12436,0.81359,1.21867,0.76639,0.67056,0.73862,0.39187,1.65082,1.18658,1.55035,0.0003466,0.0003466,0.0003466,yolov8s_neu
68,190.914,1.09931,0.7976,1.20648,0.71304,0.70955,0.7455,0.40229,1.65588,1.18394,1.56552,0.0003367,0.0003367,0.0003367,yolov8s_neu
69,194.001,1.09087,0.8023,1.20494,0.74488,0.67241,0.73177,0.39881,1.61906,1.14767,1.55408,0.0003268,0.0003268,0.0003268,yolov8s_neu
70,196.698,1.10291,0.78594,1.2041,0.71509,0.69866,0.72018,0.38342,1.63848,1.20242,1.54186,0.0003169,0.0003169,0.0003169,yolov8s_neu
71,199.258,1.08706,0.78661,1.18945,0.74047,0.69784,0.73742,0.39924,1.63033,1.1486,1.52717,0.000307,0.000307,0.000307,yolov8s_neu
72,201.928,1.09749,0.7705,1.19368,0.71382,0.68326,0.71101,0.37788,1.65348,1.19875,1.57825,0.0002971,0.0002971,0.0002971,yolov8s_neu
73,204.605,1.08556,0.78714,1.19333,0.75123,0.6651,0.72425,0.38809,1.64957,1.1575,1.54211,0.0002872,0.0002872,0.0002872,yolov8s_neu
74,207.455,1.05994,0.75956,1.18119,0.73656,0.67185,0.71562,0.3874,1.64877,1.1811,1.57334,0.0002773,0.0002773,0.0002773,yolov8s_neu
75,210.377,1.08343,0.78592,1.20224,0.67218,0.69979,0.69931,0.36543,1.64307,1.19312,1.58749,0.0002674,0.0002674,0.0002674,yolov8s_neu
76,213.202,1.06667,0.76069,1.18257,0.72309,0.64866,0.70543,0.38602,1.62015,1.17442,1.5486,0.0002575,0.0002575,0.0002575,yolov8s_neu
77,216.033,1.05792,0.74989,1.17566,0.67698,0.69309,0.68973,0.3694,1.65167,1.22279,1.55597,0.0002476,0.0002476,0.0002476,yolov8s_neu
78,218.889,1.04276,0.74588,1.1724,0.71802,0.68749,0.71119,0.39428,1.64745,1.17557,1.54869,0.0002377,0.0002377,0.0002377,yolov8s_neu
79,221.66,1.04823,0.72996,1.17099,0.72639,0.67588,0.70743,0.37572,1.66946,1.17826,1.58201,0.0002278,0.0002278,0.0002278,yolov8s_neu
80,224.144,1.04336,0.73072,1.17731,0.71765,0.62734,0.68841,0.37764,1.65304,1.2388,1.56645,0.0002179,0.0002179,0.0002179,yolov8s_neu
81,226.646,1.03753,0.72233,1.16554,0.73041,0.67942,0.72336,0.38764,1.68741,1.19307,1.56672,0.000208,0.000208,0.000208,yolov8s_neu
82,229.164,1.02542,0.72411,1.16559,0.69365,0.7126,0.7117,0.39495,1.6035,1.16668,1.55624,0.0001981,0.0001981,0.0001981,yolov8s_neu
83,231.667,1.00743,0.70958,1.16261,0.71869,0.71696,0.72708,0.3954,1.6262,1.18069,1.57276,0.0001882,0.0001882,0.0001882,yolov8s_neu
84,234.261,1.01554,0.70523,1.15852,0.73704,0.68695,0.73282,0.40295,1.61438,1.17487,1.57187,0.0001783,0.0001783,0.0001783,yolov8s_neu
85,237.026,1.02569,0.71469,1.16255,0.74392,0.66202,0.70801,0.38826,1.62797,1.17432,1.58008,0.0001684,0.0001684,0.0001684,yolov8s_neu
86,239.527,1.00629,0.68899,1.15584,0.68529,0.70277,0.70301,0.38901,1.64435,1.16578,1.57628,0.0001585,0.0001585,0.0001585,yolov8s_neu
87,242.015,1.01373,0.70578,1.15832,0.71435,0.68485,0.71771,0.39068,1.64225,1.16746,1.59378,0.0001486,0.0001486,0.0001486,yolov8s_neu
88,244.511,0.98922,0.68805,1.14046,0.71612,0.66734,0.70667,0.39448,1.64745,1.16079,1.58176,0.0001387,0.0001387,0.0001387,yolov8s_neu
89,247.021,0.9935,0.68473,1.14244,0.74351,0.67685,0.72554,0.39693,1.63473,1.15192,1.56858,0.0001288,0.0001288,0.0001288,yolov8s_neu
90,249.652,0.95527,0.6651,1.12946,0.70766,0.70834,0.71529,0.3958,1.6396,1.15268,1.60603,0.0001189,0.0001189,0.0001189,yolov8s_neu
91,252.705,0.864,0.51966,1.05718,0.71551,0.71449,0.72749,0.40731,1.61351,1.13532,1.58092,0.000109,0.000109,0.000109,yolov8s_neu
92,255.337,0.85172,0.50822,1.05184,0.75112,0.67373,0.71319,0.39656,1.6178,1.14127,1.58038,9.91e-05,9.91e-05,9.91e-05,yolov8s_neu
93,257.794,0.83608,0.49337,1.04016,0.73435,0.68714,0.71359,0.39713,1.63272,1.16954,1.59502,8.92e-05,8.92e-05,8.92e-05,yolov8s_neu
94,260.209,0.82519,0.48994,1.04226,0.73768,0.67065,0.71733,0.40058,1.63157,1.17444,1.579,7.93e-05,7.93e-05,7.93e-05,yolov8s_neu
95,262.656,0.83026,0.48661,1.04601,0.69428,0.71484,0.71789,0.3932,1.64589,1.1699,1.58915,6.94e-05,6.94e-05,6.94e-05,yolov8s_neu
96,265.13,0.80814,0.47274,1.02387,0.71002,0.7108,0.71834,0.39139,1.64535,1.16949,1.60164,5.95e-05,5.95e-05,5.95e-05,yolov8s_neu
97,267.774,0.80298,0.47495,1.03438,0.70224,0.69513,0.7064,0.39493,1.63524,1.18551,1.6042,4.96e-05,4.96e-05,4.96e-05,yolov8s_neu
98,270.296,0.80315,0.46514,1.02563,0.69517,0.70935,0.70959,0.39793,1.63567,1.18164,1.60636,3.97e-05,3.97e-05,3.97e-05,yolov8s_neu
99,272.802,0.79764,0.46148,1.02491,0.6912,0.72726,0.71416,0.40314,1.63672,1.16189,1.61088,2.98e-05,2.98e-05,2.98e-05,yolov8s_neu
100,275.305,0.78547,0.46044,1.01221,0.70544,0.7222,0.71882,0.40039,1.64291,1.16051,1.61935,1.99e-05,1.99e-05,1.99e-05,yolov8s_neu
